Station Name,Latitude,Longitude,Month,PM2.5 (ug/m^3)
Prince George Plaza,53.91472371,-122.7418253,01-Apr-23,6.517
Prince George Plaza,53.91472371,-122.7418253,01-May-23,18.913
Prince George Plaza,53.91472371,-122.7418253,01-Jun-23,12.419
Prince George Plaza,53.91472371,-122.7418253,01-Jul-23,26.077
Prince George Plaza,53.91472371,-122.7418253,01-Aug-23,14.013
Prince George Plaza,53.91472371,-122.7418253,01-Sep-23,31.53
Prince George Plaza,53.91472371,-122.7418253,01-Oct-23,7.57
Prince George Plaza,53.91472371,-122.7418253,01-Nov-23,11.89
Prince George Plaza,53.91472371,-122.7418253,01-Dec-23,9.055
Prince George Plaza,53.91472371,-122.7418253,01-Jan-24,10.087
Prince George Plaza,53.91472371,-122.7418253,01-Feb-24,13.197
Prince George Plaza,53.91472371,-122.7418253,01-Mar-24,10.37
Colwood City Hall,48.42342396,-123.4934565,01-Jun-23,2.92
Colwood City Hall,48.42342396,-123.4934565,01-Jul-23,3.663
Colwood City Hall,48.42342396,-123.4934565,01-Aug-23,8.784
Colwood City Hall,48.42342396,-123.4934565,01-Sep-23,5.905
Colwood City Hall,48.42342396,-123.4934565,01-Oct-23,6.323
Colwood City Hall,48.42342396,-123.4934565,01-Nov-23,6.963
Colwood City Hall,48.42342396,-123.4934565,01-Dec-23,5.51
Colwood City Hall,48.42342396,-123.4934565,01-Jan-24,4.963
Colwood City Hall,48.42342396,-123.4934565,01-Feb-24,4.838
Colwood City Hall,48.42342396,-123.4934565,01-Mar-24,4.65
Victoria Topaz,48.44205533,-123.3633054,01-Apr-23,5.24
Victoria Topaz,48.44205533,-123.3633054,01-May-23,6.735
Victoria Topaz,48.44205533,-123.3633054,01-Jun-23,5.59
Victoria Topaz,48.44205533,-123.3633054,01-Jul-23,5.487
Victoria Topaz,48.44205533,-123.3633054,01-Aug-23,6.714
Victoria Topaz,48.44205533,-123.3633054,01-Sep-23,6.61
Victoria Topaz,48.44205533,-123.3633054,01-Oct-23,7.023
Victoria Topaz,48.44205533,-123.3633054,01-Nov-23,8.632
Victoria Topaz,48.44205533,-123.3633054,01-Dec-23,5.976
Victoria Topaz,48.44205533,-123.3633054,01-Jan-24,4.781
Victoria Topaz,48.44205533,-123.3633054,01-Feb-24,5.503
Victoria Topaz,48.44205533,-123.3633054,01-Mar-24,4.989
Nanaimo Labieux Road,49.20157648,-123.9936953,01-Apr-23,2.713
Nanaimo Labieux Road,49.20157648,-123.9936953,01-May-23,5.681
Nanaimo Labieux Road,49.20157648,-123.9936953,01-Jun-23,4.153
Nanaimo Labieux Road,49.20157648,-123.9936953,01-Jul-23,4.052
Nanaimo Labieux Road,49.20157648,-123.9936953,01-Aug-23,7.31
Nanaimo Labieux Road,49.20157648,-123.9936953,01-Sep-23,5.12
Nanaimo Labieux Road,49.20157648,-123.9936953,01-Oct-23,4.426
Nanaimo Labieux Road,49.20157648,-123.9936953,01-Nov-23,4.74
Nanaimo Labieux Road,49.20157648,-123.9936953,01-Dec-23,2.623
Nanaimo Labieux Road,49.20157648,-123.9936953,01-Jan-24,2.184
Nanaimo Labieux Road,49.20157648,-123.9936953,01-Feb-24,2.814
Nanaimo Labieux Road,49.20157648,-123.9936953,01-Mar-24,2.833
Squamish Elementary,49.70455812,-123.1496671,01-Apr-23,3.4
Squamish Elementary,49.70455812,-123.1496671,01-May-23,7.932
Squamish Elementary,49.70455812,-123.1496671,01-Jun-23,6.133
Squamish Elementary,49.70455812,-123.1496671,01-Jul-23,6.526
Squamish Elementary,49.70455812,-123.1496671,01-Aug-23,13.255
Squamish Elementary,49.70455812,-123.1496671,01-Sep-23,7.041
Squamish Elementary,49.70455812,-123.1496671,01-Oct-23,6.426
Squamish Elementary,49.70455812,-123.1496671,01-Nov-23,6.137
Squamish Elementary,49.70455812,-123.1496671,01-Dec-23,3.629
Squamish Elementary,49.70455812,-123.1496671,01-Jan-24,3.203
Squamish Elementary,49.70455812,-123.1496671,01-Feb-24,4.086
Squamish Elementary,49.70455812,-123.1496671,01-Mar-24,4.295
North Vancouver Mahon Park,49.32398568,-123.0827844,01-Apr-23,3.581
North Vancouver Mahon Park,49.32398568,-123.0827844,01-May-23,6.219
North Vancouver Mahon Park,49.32398568,-123.0827844,01-Jun-23,4.947
North Vancouver Mahon Park,49.32398568,-123.0827844,01-Jul-23,4.087
North Vancouver Mahon Park,49.32398568,-123.0827844,01-Aug-23,9.019
North Vancouver Mahon Park,49.32398568,-123.0827844,01-Sep-23,5.157
North Vancouver Mahon Park,49.32398568,-123.0827844,01-Oct-23,4.719
North Vancouver Mahon Park,49.32398568,-123.0827844,01-Nov-23,4.243
North Vancouver Mahon Park,49.32398568,-123.0827844,01-Dec-23,2.958
North Vancouver Mahon Park,49.32398568,-123.0827844,01-Jan-24,3.667
North Vancouver Mahon Park,49.32398568,-123.0827844,01-Feb-24,3.636
North Vancouver Mahon Park,49.32398568,-123.0827844,01-Mar-24,3.541
Vancouver International Airport #2,49.18654033,-123.1536941,01-Apr-23,3.579
Vancouver International Airport #3,49.18654033,-123.1536941,01-May-23,5.603
Vancouver International Airport #4,49.18654033,-123.1536941,01-Jun-23,4.383
Vancouver International Airport #5,49.18654033,-123.1536941,01-Jul-23,3.99
Vancouver International Airport #6,49.18654033,-123.1536941,01-Aug-23,7.157
Vancouver International Airport #7,49.18654033,-123.1536941,01-Sep-23,6.04
Vancouver International Airport #8,49.18654033,-123.1536941,01-Oct-23,5.735
Vancouver International Airport #9,49.18654033,-123.1536941,01-Nov-23,6.377
Vancouver International Airport #10,49.18654033,-123.1536941,01-Dec-23,4.306
Vancouver International Airport #11,49.18654033,-123.1536941,01-Jan-24,4.871
Vancouver International Airport #12,49.18654033,-123.1536941,01-Feb-24,4.052
Vancouver International Airport #13,49.18654033,-123.1536941,01-Mar-24,4.413
Richmond South,49.14125497,-123.1081858,01-Apr-23,3.343
Richmond South,49.14125497,-123.1081858,01-May-23,5.21
Richmond South,49.14125497,-123.1081858,01-Jun-23,4.71
Richmond South,49.14125497,-123.1081858,01-Jul-23,3.973
Richmond South,49.14125497,-123.1081858,01-Aug-23,7.535
Richmond South,49.14125497,-123.1081858,01-Sep-23,4.65
Richmond South,49.14125497,-123.1081858,01-Oct-23,5.168
Richmond South,49.14125497,-123.1081858,01-Nov-23,5.62
Richmond South,49.14125497,-123.1081858,01-Dec-23,4.5
Richmond South,49.14125497,-123.1081858,01-Jan-24,5.09
Richmond South,49.14125497,-123.1081858,01-Feb-24,3.466
Richmond South,49.14125497,-123.1081858,01-Mar-24,3.637
Vancouver Clark Drive,49.26046143,-123.0776961,01-Apr-23,4.747
Vancouver Clark Drive,49.26046143,-123.0776961,01-May-23,6.694
Vancouver Clark Drive,49.26046143,-123.0776961,01-Jun-23,5.71
Vancouver Clark Drive,49.26046143,-123.0776961,01-Jul-23,4.845
Vancouver Clark Drive,49.26046143,-123.0776961,01-Aug-23,9.42
Vancouver Clark Drive,49.26046143,-123.0776961,01-Sep-23,6.937
Vancouver Clark Drive,49.26046143,-123.0776961,01-Oct-23,6.997
Vancouver Clark Drive,49.26046143,-123.0776961,01-Nov-23,7.59
Vancouver Clark Drive,49.26046143,-123.0776961,01-Dec-23,5.756
Vancouver Clark Drive,49.26046143,-123.0776961,01-Jan-24,6.338
Vancouver Clark Drive,49.26046143,-123.0776961,01-Feb-24,4.779
Vancouver Clark Drive,49.26046143,-123.0776961,01-Mar-24,4.583
Burnaby South,49.215147,-122.9859176,01-Apr-23,3.993
Burnaby South,49.215147,-122.9859176,01-May-23,5.873
Burnaby South,49.215147,-122.9859176,01-Jun-23,5.528
Burnaby South,49.215147,-122.9859176,01-Jul-23,4.929
Burnaby South,49.215147,-122.9859176,01-Aug-23,9.477
Burnaby South,49.215147,-122.9859176,01-Sep-23,5.482
Burnaby South,49.215147,-122.9859176,01-Oct-23,5.148
Burnaby South,49.215147,-122.9859176,01-Nov-23,4.877
Burnaby South,49.215147,-122.9859176,01-Dec-23,3.853
Burnaby South,49.215147,-122.9859176,01-Jan-24,4.039
Burnaby South,49.215147,-122.9859176,01-Feb-24,3.503
Burnaby South,49.215147,-122.9859176,01-Mar-24,3.467
North Delta,49.15826971,-122.901918,01-Apr-23,4.253
North Delta,49.15826971,-122.901918,01-May-23,6.629
North Delta,49.15826971,-122.901918,01-Jun-23,5.477
North Delta,49.15826971,-122.901918,01-Jul-23,5.326
North Delta,49.15826971,-122.901918,01-Aug-23,8.635
North Delta,49.15826971,-122.901918,01-Sep-23,6.42
North Delta,49.15826971,-122.901918,01-Oct-23,5.27
North Delta,49.15826971,-122.901918,01-Nov-23,6.073
North Delta,49.15826971,-122.901918,01-Dec-23,4.065
North Delta,49.15826971,-122.901918,01-Jan-24,4.155
North Delta,49.15826971,-122.901918,01-Feb-24,4.241
North Delta,49.15826971,-122.901918,01-Mar-24,4.263
Pitt Meadow Meadowlands School,49.2451989,-122.7106839,01-Apr-23,3.6
Pitt Meadow Meadowlands School,49.2451989,-122.7106839,01-May-23,5.6
Pitt Meadow Meadowlands School,49.2451989,-122.7106839,01-Jun-23,5.1
Pitt Meadow Meadowlands School,49.2451989,-122.7106839,01-Jul-23,4.9
Pitt Meadow Meadowlands School,49.2451989,-122.7106839,01-Aug-23,9.6
Pitt Meadow Meadowlands School,49.2451989,-122.7106839,01-Sep-23,4.7
Pitt Meadow Meadowlands School,49.2451989,-122.7106839,01-Oct-23,4.4
Pitt Meadow Meadowlands School,49.2451989,-122.7106839,01-Nov-23,5
Pitt Meadow Meadowlands School,49.2451989,-122.7106839,01-Dec-23,2.5
Pitt Meadow Meadowlands School,49.2451989,-122.7106839,01-Jan-24,3.4
Pitt Meadow Meadowlands School,49.2451989,-122.7106839,01-Feb-24,4.1
Pitt Meadow Meadowlands School,49.2451989,-122.7106839,01-Mar-24,3.3
Abbotsford Central,49.04304238,-122.3097332,01-Apr-23,4.9
Abbotsford Central,49.04304238,-122.3097332,01-May-23,6.2
Abbotsford Central,49.04304238,-122.3097332,01-Jun-23,5.8
Abbotsford Central,49.04304238,-122.3097332,01-Jul-23,5.1
Abbotsford Central,49.04304238,-122.3097332,01-Aug-23,10.5
Abbotsford Central,49.04304238,-122.3097332,01-Sep-23,5.9
Abbotsford Central,49.04304238,-122.3097332,01-Oct-23,5.1
Abbotsford Central,49.04304238,-122.3097332,01-Nov-23,5.6
Abbotsford Central,49.04304238,-122.3097332,01-Dec-23,4.5
Abbotsford Central,49.04304238,-122.3097332,01-Jan-24,3.7
Abbotsford Central,49.04304238,-122.3097332,01-Feb-24,4.4
Abbotsford Central,49.04304238,-122.3097332,01-Mar-24,4.7
Abbotsford A Columbia Street,49.02189722,-122.326474,01-Apr-23,4.8
Abbotsford A Columbia Street,49.02189722,-122.326474,01-May-23,5.9
Abbotsford A Columbia Street,49.02189722,-122.326474,01-Jun-23,5.6
Abbotsford A Columbia Street,49.02189722,-122.326474,01-Jul-23,5.3
Abbotsford A Columbia Street,49.02189722,-122.326474,01-Aug-23,10.5
Abbotsford A Columbia Street,49.02189722,-122.326474,01-Sep-23,6.4
Abbotsford A Columbia Street,49.02189722,-122.326474,01-Oct-23,8
Abbotsford A Columbia Street,49.02189722,-122.326474,01-Nov-23,6.8
Abbotsford A Columbia Street,49.02189722,-122.326474,01-Dec-23,4.4
Abbotsford A Columbia Street,49.02189722,-122.326474,01-Jan-24,3.5
Abbotsford A Columbia Street,49.02189722,-122.326474,01-Feb-24,5
Abbotsford A Columbia Street,49.02189722,-122.326474,01-Mar-24,5.1
Kitimat Haisla Village,53.97349022,-128.6506221,01-Apr-23,2.737
Kitimat Haisla Village,53.97349022,-128.6506221,01-May-23,4.19
Kitimat Haisla Village,53.97349022,-128.6506221,01-Jun-23,3.023
Kitimat Haisla Village,53.97349022,-128.6506221,01-Jul-23,3.98
Kitimat Haisla Village,53.97349022,-128.6506221,01-Aug-23,6.926
Kitimat Haisla Village,53.97349022,-128.6506221,01-Sep-23,1.89
Kitimat Haisla Village,53.97349022,-128.6506221,01-Oct-23,2.871
Kitimat Haisla Village,53.97349022,-128.6506221,01-Nov-23,2.167
Kitimat Haisla Village,53.97349022,-128.6506221,01-Dec-23,2.69
Kitimat Haisla Village,53.97349022,-128.6506221,01-Jan-24,4.261
Kitimat Haisla Village,53.97349022,-128.6506221,01-Feb-24,3.31
Kitimat Haisla Village,53.97349022,-128.6506221,01-Mar-24,2.436
Kitimat Haul Road,54.02946152,-128.7026662,01-Apr-23,5.664
Kitimat Haul Road,54.02946152,-128.7026662,01-May-23,8.371
Kitimat Haul Road,54.02946152,-128.7026662,01-Jun-23,12.726
Kitimat Haul Road,54.02946152,-128.7026662,01-Jul-23,6.1
Kitimat Haul Road,54.02946152,-128.7026662,01-Aug-23,12.525
Kitimat Haul Road,54.02946152,-128.7026662,01-Sep-23,5.657
Kitimat Haul Road,54.02946152,-128.7026662,01-Oct-23,6.042
Kitimat Haul Road,54.02946152,-128.7026662,01-Nov-23,4.76
Kitimat Haul Road,54.02946152,-128.7026662,01-Dec-23,4.097
Kitimat Haul Road,54.02946152,-128.7026662,01-Jan-24,3.7
Kitimat Haul Road,54.02946152,-128.7026662,01-Feb-24,3.997
Kitimat Haul Road,54.02946152,-128.7026662,01-Mar-24,4.667
Kitimat Riverlodge,54.05410135,-128.6716414,01-Apr-23,3.2
Kitimat Riverlodge,54.05410135,-128.6716414,01-May-23,4.6
Kitimat Riverlodge,54.05410135,-128.6716414,01-Jun-23,4
Kitimat Riverlodge,54.05410135,-128.6716414,01-Jul-23,5.7
Kitimat Riverlodge,54.05410135,-128.6716414,01-Aug-23,9.1
Kitimat Riverlodge,54.05410135,-128.6716414,01-Sep-23,8.2
Kitimat Riverlodge,54.05410135,-128.6716414,01-Oct-23,10.6
Kitimat Riverlodge,54.05410135,-128.6716414,01-Nov-23,5.2
Kitimat Riverlodge,54.05410135,-128.6716414,01-Dec-23,2.7
Kitimat Riverlodge,54.05410135,-128.6716414,01-Jan-24,2.5
Kitimat Riverlodge,54.05410135,-128.6716414,01-Feb-24,5.8
Kitimat Riverlodge,54.05410135,-128.6716414,01-Mar-24,6.3
Kitimat Whitesail,54.06697211,-128.6390954,01-Apr-23,4.3
Kitimat Whitesail,54.06697211,-128.6390954,01-May-23,9.8
Kitimat Whitesail,54.06697211,-128.6390954,01-Jun-23,6.4
Kitimat Whitesail,54.06697211,-128.6390954,01-Jul-23,6.9
Kitimat Whitesail,54.06697211,-128.6390954,01-Aug-23,10.3
Kitimat Whitesail,54.06697211,-128.6390954,01-Sep-23,8.5
Kitimat Whitesail,54.06697211,-128.6390954,01-Oct-23,3.7
Kitimat Whitesail,54.06697211,-128.6390954,01-Nov-23,3.7
Kitimat Whitesail,54.06697211,-128.6390954,01-Dec-23,17.1
Kitimat Whitesail,54.06697211,-128.6390954,01-Jan-24,5.75
Kitimat Whitesail,54.06697211,-128.6390954,01-Feb-24,3.8
Kitimat Whitesail,54.06697211,-128.6390954,01-Mar-24,5.5
Grand Forks City Hall,49.03113172,-118.438664,01-Aug-23,30.4
Castlegar Zinio Park,49.317698,-117.661527,01-Aug-23,34.2
Cranbrook Muriel Baxter,49.50723669,-115.7537897,01-Aug-23,26.1
Sparwood Centennial Square,49.73254237,-114.8871853,01-Aug-23,29.7
Elkford Rocky Mountain Elementary School,50.008274,-114.9332951,01-Aug-23,41.9
Golden Helipad,51.2973622,-116.9659724,01-Aug-23,27.2
Willow Creek Mine,55.63551456,-122.2354477,01-Aug-23,28.2
Hudsons Hope Dudley Drive,56.02686,-121.91118,01-Aug-23,21.8
Peace Valley Attachie Flat Upper Terrace,56.2310468,-121.426026,01-Aug-23,18.5
Fort St John North Camp C,56.20497963,-120.9050638,01-Aug-23,18.9
Fort St John Key Learning Centre,56.24477243,-120.8508807,01-Aug-23,22.6
Fort St John Old Fort,56.20113882,-120.8262169,01-Aug-23,18.9
Valemount,52.82911473,-119.2772036,01-Aug-23,17
Port Edward Sunset Drive,54.22220669,-130.2940229,01-Aug-23,5.3
Elk Falls Dogwood,50.018425,-125.2484,01-Aug-23,5
Grand Forks City Hall,49.03113172,-118.438664,01-Apr-23,5.7
Castlegar Zinio Park,49.317698,-117.661527,01-Apr-23,4.5
Cranbrook Muriel Baxter,49.50723669,-115.7537897,01-Apr-23,5.2
Sparwood Centennial Square,49.73254237,-114.8871853,01-Apr-23,5.1
Elkford Rocky Mountain Elementary School,50.008274,-114.9332951,01-Apr-23,3.3
Golden Helipad,51.2973622,-116.9659724,01-Apr-23,5.2
Willow Creek Mine,55.63551456,-122.2354477,01-Apr-23,6.5
Hudsons Hope Dudley Drive,56.02686,-121.91118,01-Apr-23,4.2
Peace Valley Attachie Flat Upper Terrace,56.2310468,-121.426026,01-Apr-23,2.5
Fort St John North Camp C,56.20497963,-120.9050638,01-Apr-23,3.5
Fort St John Key Learning Centre,56.24477243,-120.8508807,01-Apr-23,5.3
Fort St John Old Fort,56.20113882,-120.8262169,01-Apr-23,3
Valemount,52.82911473,-119.2772036,01-Apr-23,12.9
Port Edward Sunset Drive,54.22220669,-130.2940229,01-Apr-23,2.1
Elk Falls Dogwood,50.018425,-125.2484,01-Apr-23,2.4
Grand Forks City Hall,49.03113172,-118.438664,01-Jul-23,7.3
Castlegar Zinio Park,49.317698,-117.661527,01-Jul-23,8.6
Cranbrook Muriel Baxter,49.50723669,-115.7537897,01-Jul-23,9.1
Sparwood Centennial Square,49.73254237,-114.8871853,01-Jul-23,12.7
Elkford Rocky Mountain Elementary School,50.008274,-114.9332951,01-Jul-23,9.2
Golden Helipad,51.2973622,-116.9659724,01-Jul-23,15.7
Willow Creek Mine,55.63551456,-122.2354477,01-Jul-23,57.8
Hudsons Hope Dudley Drive,56.02686,-121.91118,01-Jul-23,30.3
Peace Valley Attachie Flat Upper Terrace,56.2310468,-121.426026,01-Jul-23,29.6
Fort St John North Camp C,56.20497963,-120.9050638,01-Jul-23,30.7
Fort St John Key Learning Centre,56.24477243,-120.8508807,01-Jul-23,35.8
Fort St John Old Fort,56.20113882,-120.8262169,01-Jul-23,33.5
Valemount,52.82911473,-119.2772036,01-Jul-23,22.9
Port Edward Sunset Drive,54.22220669,-130.2940229,01-Jul-23,3.6
Elk Falls Dogwood,50.018425,-125.2484,01-Jul-23,1.4
Grand Forks City Hall,49.03113172,-118.438664,01-Sep-23,7.3
Castlegar Zinio Park,49.317698,-117.661527,01-Sep-23,6.6
Cranbrook Muriel Baxter,49.50723669,-115.7537897,01-Sep-23,6.3
Sparwood Centennial Square,49.73254237,-114.8871853,01-Sep-23,10.4
Elkford Rocky Mountain Elementary School,50.008274,-114.9332951,01-Sep-23,10.1
Golden Helipad,51.2973622,-116.9659724,01-Sep-23,9.1
Willow Creek Mine,55.63551456,-122.2354477,01-Sep-23,64.3
Hudsons Hope Dudley Drive,56.02686,-121.91118,01-Sep-23,40
Peace Valley Attachie Flat Upper Terrace,56.2310468,-121.426026,01-Sep-23,43.9
Fort St John North Camp C,56.20497963,-120.9050638,01-Sep-23,41.8
Fort St John Key Learning Centre,56.24477243,-120.8508807,01-Sep-23,47.8
Fort St John Old Fort,56.20113882,-120.8262169,01-Sep-23,42.1
Valemount,52.82911473,-119.2772036,01-Sep-23,16.4
Port Edward Sunset Drive,54.22220669,-130.2940229,01-Sep-23,2.5
Elk Falls Dogwood,50.018425,-125.2484,01-Sep-23,4.1
Grand Forks City Hall,49.03113172,-118.438664,01-Oct-23,10.5
Castlegar Zinio Park,49.317698,-117.661527,01-Oct-23,8.2
Cranbrook Muriel Baxter,49.50723669,-115.7537897,01-Oct-23,8.6
Sparwood Centennial Square,49.73254237,-114.8871853,01-Oct-23,7
Elkford Rocky Mountain Elementary School,50.008274,-114.9332951,01-Oct-23,6.3
Golden Helipad,51.2973622,-116.9659724,01-Oct-23,8.2
Willow Creek Mine,55.63551456,-122.2354477,01-Oct-23,15.6
Hudsons Hope Dudley Drive,56.02686,-121.91118,01-Oct-23,7.7
Peace Valley Attachie Flat Upper Terrace,56.2310468,-121.426026,01-Oct-23,7.8
Fort St John North Camp C,56.20497963,-120.9050638,01-Oct-23,6.2
Fort St John Key Learning Centre,56.24477243,-120.8508807,01-Oct-23,5.5
Fort St John Old Fort,56.20113882,-120.8262169,01-Oct-23,6.1
Valemount,52.82911473,-119.2772036,01-Oct-23,7.7
Port Edward Sunset Drive,54.22220669,-130.2940229,01-Oct-23,2.7
Elk Falls Dogwood,50.018425,-125.2484,01-Oct-23,5.2
Grand Forks City Hall,49.03113172,-118.438664,01-Nov-23,13.6
Castlegar Zinio Park,49.317698,-117.661527,01-Nov-23,10.5
Cranbrook Muriel Baxter,49.50723669,-115.7537897,01-Nov-23,11.6
Sparwood Centennial Square,49.73254237,-114.8871853,01-Nov-23,6.2
Elkford Rocky Mountain Elementary School,50.008274,-114.9332951,01-Nov-23,5.4
Golden Helipad,51.2973622,-116.9659724,01-Nov-23,7.5
Willow Creek Mine,55.63551456,-122.2354477,01-Nov-23,7.3
Hudsons Hope Dudley Drive,56.02686,-121.91118,01-Nov-23,7.3
Peace Valley Attachie Flat Upper Terrace,56.2310468,-121.426026,01-Nov-23,5.8
Fort St John North Camp C,56.20497963,-120.9050638,01-Nov-23,6
Fort St John Key Learning Centre,56.24477243,-120.8508807,01-Nov-23,6.9
Fort St John Old Fort,56.20113882,-120.8262169,01-Nov-23,7.6
Valemount,52.82911473,-119.2772036,01-Nov-23,9
Port Edward Sunset Drive,54.22220669,-130.2940229,01-Nov-23,1.7
Elk Falls Dogwood,50.018425,-125.2484,01-Nov-23,5.1
Grand Forks City Hall,49.03113172,-118.438664,01-Dec-23,11.2
Castlegar Zinio Park,49.317698,-117.661527,01-Dec-23,8.7
Cranbrook Muriel Baxter,49.50723669,-115.7537897,01-Dec-23,9.8
Sparwood Centennial Square,49.73254237,-114.8871853,01-Dec-23,3.6
Elkford Rocky Mountain Elementary School,50.008274,-114.9332951,01-Dec-23,3.3
Golden Helipad,51.2973622,-116.9659724,01-Dec-23,11.3
Willow Creek Mine,55.63551456,-122.2354477,01-Dec-23,2.8
Hudsons Hope Dudley Drive,56.02686,-121.91118,01-Dec-23,4.9
Peace Valley Attachie Flat Upper Terrace,56.2310468,-121.426026,01-Dec-23,3.5
Fort St John North Camp C,56.20497963,-120.9050638,01-Dec-23,4.3
Fort St John Key Learning Centre,56.24477243,-120.8508807,01-Dec-23,4
Fort St John Old Fort,56.20113882,-120.8262169,01-Dec-23,5.2
Valemount,52.82911473,-119.2772036,01-Dec-23,5.8
Port Edward Sunset Drive,54.22220669,-130.2940229,01-Dec-23,1.7
Elk Falls Dogwood,50.018425,-125.2484,01-Dec-23,3.8
,,,,
,,,,
,,,,
,,,,
,,,,
,,,,
,,,,
,,,,
,,,,
,,,,
,,,,
,,,,
,,,,
,,,,
,,,,
,,,,
,,,,
,,,,
,,,,
,,,,
,,,,
,,,,
,,,,
,,,,
,,,,
,,,,
,,,,
,,,,
,,,,
,,,,
,,,,
,,,,
,,,,
,,,,
,,,,
,,,,
,,,,
,,,,
,,,,
,,,,
,,,,
,,,,
,,,,
,,,,
,,,,
,,,,
,,,,
,,,,
,,,,
,,,,
,,,,
,,,,
,,,,
,,,,
,,,,
,,,,
,,,,
,,,,
,,,,
,,,,
,,,,
,,,,
,,,,
,,,,
,,,,
,,,,
,,,,
,,,,
,,,,
,,,,
,,,,
,,,,
,,,,
,,,,
,,,,
,,,,
,,,,
,,,,
,,,,
,,,,
,,,,
,,,,
,,,,
,,,,
,,,,
,,,,
,,,,
,,,,
,,,,
,,,,
,,,,
,,,,
,,,,
,,,,
,,,,
,,,,
,,,,
,,,,
,,,,
,,,,
,,,,
